optimizer,final_hv_mean,final_hv_std
random,0.383836,0.014088
nsga2,0.389229,0.018535
qnehvi,0.438849,0.016396
